<?xml version="1.0" encoding="UTF-8"?>
<project-private xmlns="http://www.netbeans.org/ns/project-private/1">
    <editor-bookmarks xmlns="http://www.netbeans.org/ns/editor-bookmarks/1"/>
    <editor-bookmarks xmlns="http://www.netbeans.org/ns/editor-bookmarks/2" lastBookmarkId="0"/>
    <open-files xmlns="http://www.netbeans.org/ns/projectui-open-files/2">
        <group>
            <file>file:/E:/New%20folder/LibraryManagement/src/qltv/QLSACH.java</file>
            <file>file:/E:/New%20folder/LibraryManagement/src/qltv/Home.java</file>
            <file>file:/E:/New%20folder/LibraryManagement/src/qltv/KTDN.java</file>
            <file>file:/E:/New%20folder/LibraryManagement/src/qltv/QLTRASACH.java</file>
            <file>file:/E:/New%20folder/LibraryManagement/src/qltv/QLDocGia.java</file>
            <file>file:/E:/New%20folder/LibraryManagement/src/qltv/QLMUONSACH.java</file>
        </group>
    </open-files>
</project-private>
